{
    "epoch": 5.0,
    "eval_accuracy": 0.6083333333333333,
    "eval_loss": 0.9081006050109863,
    "eval_runtime": 178.1708,
    "eval_samples": 25200,
    "eval_samples_per_second": 141.437,
    "eval_steps_per_second": 17.68,
    "total_flos": 1.53070061340672e+17,
    "train_loss": 0.8477706926401797,
    "train_runtime": 14321.4007,
    "train_samples": 226800,
    "train_samples_per_second": 79.182,
    "train_steps_per_second": 2.475
}