{
    "epoch": 4.999929453262786,
    "eval_accuracy": 0.6181349206349206,
    "eval_combined_score": 0.7532589285714286,
    "eval_kaggle_score": 0.8883829365079365,
    "eval_loss": 1.229931354522705,
    "eval_runtime": 234.7588,
    "eval_samples": 25200,
    "eval_samples_per_second": 107.344,
    "eval_steps_per_second": 13.418
}